{
  "hash": "f06d6e95",
  "configHash": "b79badd2",
  "lockfileHash": "95e39588",
  "browserHash": "549b8853",
  "optimized": {
    "@angular/common": {
      "src": "../../../../../../node_modules/@angular/common/fesm2022/common.mjs",
      "file": "@angular_common.js",
      "fileHash": "f42c0bef",
      "needsInterop": false
    },
    "@angular/common/http": {
      "src": "../../../../../../node_modules/@angular/common/fesm2022/http.mjs",
      "file": "@angular_common_http.js",
      "fileHash": "d0df5743",
      "needsInterop": false
    },
    "@angular/core": {
      "src": "../../../../../../node_modules/@angular/core/fesm2022/core.mjs",
      "file": "@angular_core.js",
      "fileHash": "557e72cd",
      "needsInterop": false
    },
    "@angular/forms": {
      "src": "../../../../../../node_modules/@angular/forms/fesm2022/forms.mjs",
      "file": "@angular_forms.js",
      "fileHash": "361bb055",
      "needsInterop": false
    },
    "@angular/platform-browser": {
      "src": "../../../../../../node_modules/@angular/platform-browser/fesm2022/platform-browser.mjs",
      "file": "@angular_platform-browser.js",
      "fileHash": "192df2d5",
      "needsInterop": false
    },
    "@angular/router": {
      "src": "../../../../../../node_modules/@angular/router/fesm2022/router.mjs",
      "file": "@angular_router.js",
      "fileHash": "d3024df5",
      "needsInterop": false
    },
    "html-to-pdfmake": {
      "src": "../../../../../../node_modules/html-to-pdfmake/index.js",
      "file": "html-to-pdfmake.js",
      "fileHash": "0f2358bc",
      "needsInterop": true
    },
    "js-beautify": {
      "src": "../../../../../../node_modules/js-beautify/js/index.js",
      "file": "js-beautify.js",
      "fileHash": "01153cad",
      "needsInterop": true
    },
    "mammoth": {
      "src": "../../../../../../node_modules/mammoth/lib/index.js",
      "file": "mammoth.js",
      "fileHash": "afad298d",
      "needsInterop": true
    }
  },
  "chunks": {
    "chunk-UUQGLJRC": {
      "file": "chunk-UUQGLJRC.js"
    },
    "chunk-2F6QU3FD": {
      "file": "chunk-2F6QU3FD.js"
    },
    "chunk-ZIJTEWI2": {
      "file": "chunk-ZIJTEWI2.js"
    },
    "chunk-HS36WIHX": {
      "file": "chunk-HS36WIHX.js"
    },
    "chunk-4YBZONGK": {
      "file": "chunk-4YBZONGK.js"
    },
    "chunk-WXPTAMPH": {
      "file": "chunk-WXPTAMPH.js"
    }
  }
}